diyatal,$2b$12$m0cUq1WhFj/nTydvasxoxeSWhQ7tVS6yoq75Bn6XmpXizhNnuT.7W
diyatal,$2b$12$JRvJGde2etutI.aEdPNLWOhi966yHvTkCnKLoZb6J6dXxXJT4WxOm
diyatal,$2b$12$0QhiqYdwsbhZQQQNdyNLU.MouBnhqRmex34XN66zFv56SnsR/CnrK
idk,$2b$12$bavw4.YWfZRMwRF3r3hf9uNwAOrwLD24wkCtefWXabPuazS7DHwMW
diyatal,$2b$12$nHWZZgL8aEpneE9J.7fj4eHFYnplIN5DIiOK2PFIGKXNJciO8MWzu
stem4impact,$2b$12$5zaMwA9f0sYTyXItDkNocejVI/ICcLw1Gtdmau7veDd18f9Y2xCqO
stem4IMPACT,$2b$12$Zd8gKZlcD00zrDZawB1LpeS/QSVYZ29LisC.Bs/j5w.FVzuJrx5S2
STEM4IMPACT,$2b$12$YPhrIFuB/Zcsm10yLfC.4.orpqOOJsXDM6VD1g3i6cs6RPVMajnYW
